1,Raylene,Levin,1925 Golden Rabbit Circle,Smithville,GA,39963-3234,US,4788636382,88868063@gmail.com
2,Delia,Massey,9856 Shady Walk,Cropper,WA,98895-7008,US,3601527012,22399422@gmail.com
3,Nicholas,Simmons,349 Cotton Treasure Arbor,Bole,YK,Y5O-2X6,CA,8671544245,22418275@gmail.com
4,Ronny,Irvin,2631 Silver Leaf Way,Mesena,MO,63263-8286,US,8161656627,22509854@gmail.com
5,Peter,Patterson,6470 Stony Cove,Gartman View,PA,19608-3302,US,2677085892,22532343@gmail.com
6,Dusti,Byers,892 Gentle Field,Shaw,TX,75405-6470,US,210 475-8865,22560958@gmail.com
7,Dell,Baxley,8959 Misty Key,Shamrock,VT,05563-4512,US,802 076-2118,28490721@gmail.com
8,Tyree,Pogue,2480 Old Private,Reeds,MI,48987-8533,US,906 237-0252,27293423@gmail.com
9,Yun,Niles,2721 Green Bay,Kearney,OH,43665-9059,US,440 476-4334,23583104@gmail.com
10,Terresa,Marble,3829 Round Hill,Thayer,OH,45321-4434,US,567 623-6007,24013990@gmail.com
11,Matilda,Loera,7662 Stony Cloud Corners,Ray Center,PA,16849-9478,US,610 452-8160,25012848@gmail.com
12,Terra,Banuelos,5128 Sleepy Island Mews,Tyrone,IN,47876-6826,US,219 822-4322,27002168@gmail.com
13,Kandi,Brinkley,9335 Little Pathway,Oxford,OR,97292-1337,US,503 550-3045,31131232@gmail.com
14,Kellee,Holm,9088 Silver Villas,Happy Hill,CO,80899-2831,US,970 690-1127,26948999@gmail.com
15,Catherina,Amos,6827 Jagged Promenade,Grinter Heights,SC,29227-8904,US,843 140-7133,41520211@gmail.com
16,Leonel,Pippin,5224 Sunny Branch Towers,Severance,BC,V9Q-9C1,CA,604 942-1453,35300067@gmail.com
17,Lucretia,Cronin,8320 Colonial Beach,Vicey,BC,V9S-4B7,CA,604 684-6921,37150352@gmail.com
18,Merry,Albert,9174 Umber Cape,Bessemer Bend,PE,C2S-5T0,CA,902 051-9006,39549451@gmail.com
19,Willia,Crespo,5716 Noble Oak Court,Los Ranchitos,ON,K2U-0B0,CA,613 856-2949,29241028@gmail.com
20,Paul,Milne,7050 Clear Link,Rivermont,BC,V8X-1B8,CA,604 513-4512,35297840@gmail.com
21,Diego,Kilgore,8528 Red Dell,Ursula,LA,70366-1489,US,504 745-3064,36312612@gmail.com
22,Cher,Arrington,9933 Lazy Treasure Green,Rice Creek,NW,X9U-9S8,CA,867 444-4821,34524011@gmail.com
23,Agripina,Harley,2538 Blue Hills Impasse,Lodi,HI,96763-6137,US,808 716-1418,43219578@gmail.com
24,Olen,Battle,9081 Middle Sky Round,Carthage,OR,97701-2934,US,971 124-8343,35585894@gmail.com
25,Annemarie,Pauley,3355 Bright Square,Bonners Camp,IN,46335-5760,US,260 530-8484,42138323@gmail.com
26,Annice,Gary,584 Golden Timber Estates,Ashley,ND,58979-1318,US,701 526-2199,29900463@gmail.com
27,Deann,Osorio,7972 Tawny Wynd,New Haven,NB,E0P-6C7,CA,506 845-1619,37165169@gmail.com
28,Elisha,Freed,7915 Cinder Park,Bull River,NW,X3A-0F8,CA,867 566-9919,34842520@gmail.com
29,Sunday,Rinehart,5252 Shady Shadow Passage,Twin Springs,MS,39359-0069,US,601 804-2744,40899413@gmail.com
30,Tamar,Crowder,1035 Crystal Bear Trace,Bellevue Forest,PA,18393-1036,US,814 361-2000,38143962@gmail.com
31,Lennie,Stclair,7582 Silent Nectar Glen,Bishop,NH,03750-9495,US,603 181-0488,33521495@gmail.com
32,Zelda,Dorman,1958 Easy Wharf,Hatchel,ME,04305-1008,US,207 747-9879,29768396@gmail.com
33,Lorette,Sanderson,7767 Cozy Point,Euclid,AR,72790-1431,US,501 366-2678,29478841@gmail.com
34,Jaimie,Radford,1605 Foggy View Port,Stonevilla,MT,59404-3397,US,406 840-0925,42902917@gmail.com
35,Tonja,Salley,2408 Pleasant Spring Campus,Barnes,NH,03406-0708,US,603 878-9872,28904763@gmail.com
36,Thresa,Elkins,672 High Ledge,Wells,UT,84000-0000,US,385 572-4933,23918787@gmail.com
37,Zandra,Winchester,6596 Dewy Creek Cove,East Rindge,OR,97949-3268,US,971 802-4841,44232854@gmail.com
38,Jaclyn,Cantrell,8423 Lost Isle,Chestnut Ridge,MB,R2V-2G1,CA,204 461-1158,36735774@gmail.com
39,Debera,Bachman,3019 Hazy Front,Thurston,WI,53134-8672,US,715 588-5064,29491281@gmail.com
40,Valda,Beckham,4393 Hidden Island,Ashwood,NM,87785-9575,US,505 747-0184,41120733@gmail.com
41,Robbi,Mccallister,417 Thunder Pike,Coos Canyon,IL,62396-2430,US,224 824-6243,38260492@gmail.com
42,Lucienne,Holloman,7390 Velvet Avenue,Breezy Hill Estates,CA,90804-0131,US,619 964-7017,35786128@gmail.com
43,Xenia,Mattison,687 Dusty Way,Plumwood,ID,83783-3038,US,208 861-3894,42223829@gmail.com
44,Lonna,Zarate,5696 Emerald Thicket,Devonshire,NU,X3H-6C4,CA,867 545-3350,27486420@gmail.com
45,Mallory,Biddle,2309 Quaking Lane,South Tamworth,SK,S7Q-2F7,CA,306 307-8965,37034853@gmail.com
46,Nu,Conyers,8017 Amber Brook Limits,Waugh,NS,B9N-1K8,CA,902 867-7111,37478289@gmail.com
47,Joey,Mohr,2990 Harvest Gate,Pershing,IN,46449-4587,US,317 756-3727,35882911@gmail.com
48,Wilford,Hutchings,5794 Iron Crescent,Fussells Corner,MA,01749-5850,US,413 140-2194,34651641@gmail.com
49,Anamaria,Schaefer,1107 Rocky Manor,East Vancorum,NS,B2Y-2H8,CA,902 170-9899,28362301@gmail.com
50,Latonya,Aponte,4241 Cotton Abbey,Pennhurst,MA,01583-3305,US,617 748-7882,27169600@gmail.com
51,Kena,Johns,6053 Broad Woods,Wyndover Woods,WI,53190-9014,US,414 107-5624,32806546@gmail.com
52,Cecila,Ouellette,4451 Grand Anchor Edge,Gideon,NF,A1A-8F0,CA,709 582-5747,34712638@gmail.com
53,Ericka,Greco,5518 Merry Autumn Chase,Derry Village,KY,40917-6603,US,270 187-9035,26747862@gmail.com
54,Lannie,Weston,1784 Quiet Via,Bradley,CO,80145-1027,US,303 052-7744,37112727@gmail.com
55,Toshiko,Ammons,380 Indian Canyon,Nitwanga,RI,02884-0594,US,401 031-3762,23969489@gmail.com
56,Katerine,Getz,9336 Jagged Pointe,Huffaker,OH,44619-2575,US,216 679-6230,24131212@gmail.com
57,Coral,Miner,7659 Burning Branch Common,Manhattan,IA,52719-9521,US,515 605-5086,35629681@gmail.com
58,Dwana,Demers,6931 Cozy Island Road,Byers Crossroads,NJ,08494-1609,US,732 801-8228,33048263@gmail.com
59,Irena,Byrne,8748 Honey Quail Lookout,Deans Store,AK,99964-7156,US,907 403-7245,29499780@gmail.com
60,Ta,Sauer,8097 Hidden Willow Nook,Cedar Rock,LA,70306-8606,US,318 471-4371,42836316@gmail.com
61,Ashley,Seward,7228 Crystal Rise Expressway,Kraft Mill,SC,29124-3695,US,843 551-6095,24468970@gmail.com
62,Danika,Wellman,391 Umber Pathway,Borden Wheeler Springs,DE,19735-8320,US,302 034-7289,27291976@gmail.com
63,Vincenzo,Goldberg,7141 Foggy Brook Crescent,Bradley,SD,57532-8706,US,605 324-3825,41397281@gmail.com
64,Scottie,Lemons,8522 Merry Jetty,Ops,NB,E8H-5T6,CA,506 835-6932,43393971@gmail.com
65,Anibal,Tatum,3589 Bright Ledge,Slocum,ON,L4Q-1M7,CA,647 041-4982,29578983@gmail.com
66,Carmelia,Louis,2644 Lazy Impasse,Hyder,RI,02896-1906,US,401 141-1225,37940258@gmail.com
67,Alva,Wu,7662 Green Blossom View,Dupuy,MO,63627-7502,US,816 518-1010,30465741@gmail.com
68,Jule,Beauchamp,6455 Round Prairie Arbor,Nunam Iqua,MB,R1Z-5F9,CA,204 999-8361,31242397@gmail.com
69,Dorethea,Shields,489 Dusty By-pass,Indiahoma,ID,83815-7948,US,208 385-7974,24631539@gmail.com
70,Margert,Crooks,1851 Little Gate Wood,Mulvane,NY,11945-5362,US,212 360-3681,38118321@gmail.com
71,Cassy,Harness,8108 Old Autoroute,Wilson,PA,16649-9722,US,717 807-2419,43451904@gmail.com
72,Joya,Solis,5461 Silent Hill,Coulter Shoals,CA,91226-3275,US,562 818-2074,42076115@gmail.com
73,Mayola,Pollard,2087 Cinder Isle,Downers,DC,20048-0298,US,202 421-5282,28965242@gmail.com
74,Jaleesa,Byars,7185 Cotton Pond Point,Reelsville,VT,05132-8058,US,802 789-8989,39680148@gmail.com
75,Dacia,Quintana,4040 Noble Nectar Inlet,De Land,VA,22560-2546,US,757 581-3461,37859386@gmail.com
76,Inger,Jose,3842 Gentle Bluff Front,Shakespeare,PE,C7H-9R7,CA,902 135-7445,38104514@gmail.com
77,Monty,Whatley,4747 High Pine Stead,Fuquay-varina,NC,27302-7807,US,252 040-3442,42619742@gmail.com
78,Vashti,Proffitt,1029 Harvest Sky Campus,Sebec Corners,AZ,86051-8723,US,623 416-1014,41183641@gmail.com
79,Dayna,Moffitt,9672 Rustic Pines,Rago,WI,54630-6079,US,715 814-5074,30968184@gmail.com
80,Verla,Mercier,2813 Sunny Autumn Townline,Juan,NY,11998-7323,US,917 126-6853,30863058@gmail.com
81,Adeline,Oleary,4945 Dewy River Highlands,Como,TN,37469-3096,US,615 352-8096,24800798@gmail.com
82,Tess,Christman,5815 Broad Goose Bend,Harvester,VT,05140-3993,US,802 753-5036,36149992@gmail.com
83,Sarina,Spooner,753 Iron Butterfly Turnabout,Craigside,PE,C6R-3A8,CA,902 285-3127,24761233@gmail.com
84,Ronny,Irvin,2631 Silver Leaf Way,Mesena,MO,63263-8286,US,816 165-6627,22509854@gmail.com
85,Bell,Sauls,3242 Golden Wagon Farms,Decorum,SC,29402-9325,US,843 569-1133,33934513@gmail.com
86,Cassidy,Causey,8326 Grand Ramp,Alpine Trailer Court,ND,58612-8057,US,701 228-5084,32569585@gmail.com
87,Maryrose,Chung,5668 Pleasant Abbey,Kirkville,NB,E6O-9L8,CA,506 407-5048,36276157@gmail.com
88,Katrice,Enos,7116 Rocky Ridge,Pinecrest,OK,74645-9903,US,918 993-6518,31767852@gmail.com
89,Jimmy,Covington,6178 Colonial Lane,Ashbourne Hills,ON,K6W-2K4,CA,289 767-5900,27036154@gmail.com
90,Kami,Devine,8589 Red Lake Mall,Penns Neck,SC,29038-9908,US,864 686-3907,27555981@gmail.com
91,Young,Amato,9583 Velvet Deer Harbour,Ball Subdivision,NE,69802-1908,US,308 266-8196,26089539@gmail.com
92,Mariann,Salcedo,1486 Middle Swale,Denton,MB,R6J-0D9,CA,204 364-2326,35163500@gmail.com
93,Gertha,Esparza,6663 Emerald Walk,Lakeview,MB,R1P-7R7,CA,204 225-0641,32053450@gmail.com
94,Hassie,Horowitz,6218 Sleepy Crossing,Patten Mills,NU,X6N-1V1,CA,867 673-8739,31958539@gmail.com
95,Kiley,Ricci,2066 Heather Rabbit Byway,Emerald Lakes,NE,69167-6819,US,402 580-9475,25472207@gmail.com
96,Sherwood,Nowlin,9597 Thunder Horse Maze,Baldwin,NH,03553-1023,US,603 223-5565,26409320@gmail.com
97,Vito,Brand,4487 Amber Shadow Gardens,Hunters Run,DC,20018-4358,US,202 750-4037,42435287@gmail.com
98,Vella,Ellsworth,9617 Shady Hickory Cove,Arba,CA,90170-3734,US,714 097-4353,38127669@gmail.com
99,Dot,Hatch,7683 Lost Hills Dell,Wise Forks,ID,83485-7978,US,208 827-1775,32199235@gmail.com
100,Zona,Booker,6480 Wishing Corners,Templeton,RI,02908-8091,US,401 058-8628,26890660@gmail.com
101,Nella,Applegate,6728 Hazy Log Diversion,Oakland Crossroads,DC,20082-2616,US,202 499-0051,28901635@gmail.com
102,Shani,Bowlin,2275 Tawny Bank,Simko Trailer Court,AZ,85069-8441,US,480 240-7322,23432959@gmail.com
103,Eugene,Cary,8593 Fallen Bay,Admiralty Village,IL,61062-5404,US,331 555-9528,29681914@gmail.com
104,Lizbeth,Kent,151 Quiet Green,Standish,SC,29070-4482,US,803 281-7599,31350953@gmail.com
105,Pierre,Giroux,3693 Blue Dale,Dalton,DC,20095-8723,US,202 725-4364,43760561@gmail.com
106,Abel,Parks,7598 Grand Robin Knoll,Collins,LA,71167-9331,US,318 506-5239,36384011@gmail.com
107,Celia,Wilkerson,2043 Crystal Highlands,Centerville,CT,06978-5298,US,475 242-0834,32159481@gmail.com
108,Georgia,Richards,1838 Tawny Pond Field,Keezletown,KS,66238-3502,US,913 490-2992,25174082@gmail.com
109,Naomi,Lewis,8288 Velvet Lagoon Cove,Budville,CA,91192-2545,US,949 874-0644,25948916@gmail.com
110,Lionel,Sharp,5204 Rocky Autumn Private,Lisabeula,TX,75982-3641,US,210 831-0620,29107497@gmail.com
111,Herman,Brady,2468 Heather Villas,Erieau,YK,Y6Z-7C8,CA,867 956-6102,27278223@gmail.com
112,Hazel,Dawson,8459 Dusty Hills Limits,Tyler Heights,ID,83999-5376,US,208 433-4080,40456482@gmail.com
113,Sheldon,Burgess,3448 Silent Bay,Sims,MS,39253-1807,US,601 484-1756,36843590@gmail.com
114,Clayton,Berry,5369 Clear Prairie Square,Lake Saint Louis,UT,84000-0000,US,435 858-5859,34474974@gmail.com
115,Ralph,Love,3770 Umber Forest Wynd,Weehawken,MO,64019-8772,US,636 668-7932,39604144@gmail.com
116,Gary,Reed,4360 Foggy Vista,Riverside,MN,55663-6120,US,952 624-6410,34344447@gmail.com
117,George,Morgan,9665 Hidden Pike,Faxon Hills,DE,19846-0640,US,302 657-9427,28465442@gmail.com
118,Allan,Mendoza,7884 Gentle By-pass,Grossville,AR,71824-8178,US,501 135-6934,38861350@gmail.com
119,Kenny,Schultz,8691 Blue Mountain Mall,Hiram,NS,B1P-1L0,CA,902 074-3611,39894683@gmail.com
120,Ana,Caldwell,8350 Round Grove Cape,Rexford,NM,88429-5355,US,575 218-2977,27538628@gmail.com
121,Derrick,Glover,4752 Silver Campus,Eureka,AK,99988-2654,US,907 890-3597,28917729@gmail.com
122,Misty,Hicks,9695 Thunder Heath,Schroon Falls,SC,29134-0937,US,843 089-5367,39023451@gmail.com
123,Forrest,Chavez,8296 Cotton Grove,Clear Springs,LA,70613-9334,US,504 868-9684,31997093@gmail.com
124,Leroy,Rose,8821 Merry Landing,Polly Town,KY,42333-9676,US,502 356-4203,30441736@gmail.com
125,Mable,Ferguson,3368 Misty Pony Edge,Chuathbaluk,IL,61762-4356,US,779 334-6707,34893592@gmail.com
126,Pablo,Jones,7790 Old Spring Passage,Hadleyville,CA,90960-2326,US,209 004-1828,23001736@gmail.com
127,Amelia,Summers,7528 Quaking Hickory Bank,Windsor Forest,CA,92079-5687,US,858 503-1149,28816323@gmail.com
128,Sylvia,Lucas,4641 Sunny Close,Cut Off,VA,23089-5113,US,804 544-2536,34312628@gmail.com
129,Julius,Keller,7166 Harvest Creek Drive,Hamilton Branch,KS,67569-0771,US,785 893-8349,29267602@gmail.com
130,Arnold,Sutton,8043 Easy Village,Bahner,MO,64350-1642,US,660 922-2183,42371092@gmail.com
131,Nathaniel,Sherman,223 Red Fox Path,Hixon,IL,62451-2407,US,872 587-8588,38797026@gmail.com
132,Marcus,Frank,9717 Hazy Gate Manor,Groves,SD,57050-5016,US,605 830-1748,37777291@gmail.com
133,Tammy,Arnold,7979 Dewy Butterfly Carrefour,Second Corinth,KY,41191-3213,US,859 495-1096,38344582@gmail.com
134,Guadalupe,Dunn,7396 Green Lake Vale,Tunnelton,KS,67446-0907,US,316 726-1981,40764215@gmail.com
135,Harold,Schneider,1428 Little Route,Farnerville,NJ,07467-5169,US,973 076-5141,27234994@gmail.com
136,Guillermo,Baker,2539 Golden View,Armonk,NW,X8V-9U1,CA,867 308-8126,23366004@gmail.com
137,Eva,Santiago,1696 Shady Horse Farm,Indian Trail Estates,AR,72716-2336,US,501 566-3941,29569761@gmail.com
138,Gene,Colon,2976 Emerald Gate,Kings Cliff Mobile Home Park,LA,71522-2366,US,318 086-8632,27240166@gmail.com
139,Rochelle,Stone,3767 Honey Turnabout,Smeltzer,WV,25755-5773,US,304 790-7466,27851050@gmail.com
140,Pedro,Logan,6576 Fallen Falls,Stockport,NJ,07029-3415,US,848 663-4308,35839224@gmail.com
141,Susan,Parsons,5822 Burning Jetty,Fair Oaks Trailer Park,ID,83439-8644,US,208 815-8597,42009960@gmail.com
142,Lonnie,Strickland,2971 Cozy Glen,Flint,NY,14463-6702,US,929 596-4927,38167678@gmail.com
143,Vickie,Holt,617 High Willow Crest,Eagle Bay,YK,Y9X-9O9,CA,867 314-2721,42043566@gmail.com
144,Damon,Goodman,4327 Broad Farms,Fort Spring,QC,G6H-5K1,CA,819 482-8077,38747346@gmail.com
145,Diane,Davis,7622 Middle Concession,Athos,NJ,07685-6325,US,856 943-0987,44162463@gmail.com
146,Darryl,Price,8718 Noble Berry Bend,Onoway,IL,60792-8632,US,217 444-2392,23815078@gmail.com
147,Jerome,Russell,4773 Pleasant Fawn Parkway,March,ID,83731-8749,US,208 469-8931,27857387@gmail.com
148,Blanche,Bowen,7732 Quiet Quay,La Salle,WY,82125-5285,US,307 549-6400,26829052@gmail.com
149,Laura,Burton,6038 Sleepy Dale,Baldock,OR,97569-8164,US,458 729-4367,43364526@gmail.com
150,Kent,Anderson,9423 Amber Sky Corner,Galbraith,YK,Y4P-0V0,CA,867 791-8498,23772551@gmail.com
151,Frank,Holloway,876 Rustic Forest,Rigolet,TX,78105-1703,US,713 459-1761,41486104@gmail.com
152,Jon,Hernandez,3647 Bright Estates,Bailey Corner,NY,11903-8372,US,845 711-9515,36634612@gmail.com
153,Lena,Farmer,4197 Lazy River Corners,Larkwood,IA,50944-0640,US,641 475-3451,40260894@gmail.com
154,Randal,Cunningham,2563 Wishing Common,Morgans Point,MD,21864-3761,US,240 077-0505,22754191@gmail.com
155,Hannah,Watson,8418 Stony Circle,Conway,GA,39965-5624,US,470 911-8897,42203278@gmail.com
156,Stacey,Pierce,4329 Misty Impasse,Penola,AR,72952-4302,US,479 393-8416,39777329@gmail.com
157,Oliver,Alvarez,2236 Clear Treasure Woods,Emerson Station,ON,M3Z-6U4,CA,647 899-7355,25361852@gmail.com
158,Lindsay,Wilson,3077 Lazy Acres,Kress,WI,54278-6275,US,262 217-4114,37775411@gmail.com
159,Margaret,Gibson,6685 Dewy End,Lucien,HI,96873-6806,US,808 454-1272,32985275@gmail.com
160,Lorraine,Mack,4644 Cotton Lane,Whipstown,SK,S4Q-5I8,CA,306 430-4144,23036288@gmail.com
161,Ollie,Page,350 Green Deer Extension,Cheohee,CA,94079-3454,US,831 953-0159,43038526@gmail.com
162,Shaun,Ryan,4381 Jagged River Hollow,Vada,CA,93300-6782,US,626 530-4754,33066224@gmail.com
163,Mercedes,Chapman,4992 Sleepy Front,Halfmoon Beach,MD,20945-4447,US,410 633-7849,31671593@gmail.com
164,Gilbert,Blair,4181 Merry Autumn Run,Durbintown,SC,29150-3138,US,864 169-1409,24567778@gmail.com
165,Marvin,Rivera,5387 Silver Vale,Holmdel,MA,01898-4531,US,508 680-6828,36734903@gmail.com
166,Moses,Moore,5593 Golden Edge,Gilmore Heights,NV,88986-8262,US,775 655-4435,41941446@gmail.com
167,Sylvester,Jenkins,3902 Easy Village,Stelltown,ID,83517-6216,US,208 262-4725,33817120@gmail.com
168,Kendra,Cooper,3669 Iron Parade,Fernwood,KS,66065-2855,US,785 277-5695,35743296@gmail.com
169,Jill,Jacobs,4624 Silent Panda Mountain,Sanders,MT,59231-5064,US,406 669-5156,38881456@gmail.com
170,Julian,Gilbert,7270 Velvet Heights,Yolo,MT,59336-8271,US,406 469-1954,34017791@gmail.com
171,Beatrice,Floyd,2953 Heather Townline,Belmont,NJ,07481-3274,US,908 056-2578,42926032@gmail.com
172,Peter,Patterson,6470 Stony Cove,Gartman View,PA,19608-3302,US,267 708-5892,22532343@gmail.com
174,Pamela,Morton,2785 Grand Drive,Yellow Creek,WV,26511-7414,US,681 830-3100,29244176@gmail.com
175,Phyllis,Stokes,5067 Burning Willow Stead,Longist Forks,DC,20045-0836,US,202 067-6675,41384593@gmail.com
176,Leslie,Copeland,3645 Rustic Spring Place,Burlington Beach,NU,X5U-4A6,CA,867 423-5049,39312628@gmail.com
177,Greg,Daniels,5489 Thunder Zephyr Abbey,Concord,ON,K3W-6V6,CA,905 079-6500,27269520@gmail.com
178,Erica,Griffin,4487 High Prairie Pines,Romney,NC,27380-7516,US,252 234-9477,22959906@gmail.com
179,Todd,Jensen,5006 Hidden Oak Wharf,Powell Ridge,ON,N5N-3X7,CA,226 967-7619,42635292@gmail.com
180,Patti,Robbins,6946 Blue Parkway,Clayton Run Estates,CA,91967-7312,US,818 715-5102,30125935@gmail.com
181,Eloise,West,8987 Quiet Crescent,Eastabuchie,NW,X9G-7Y2,CA,867 302-3244,29028142@gmail.com
182,Rosemary,Kennedy,8114 Quaking Pond Knoll,Sturbridge,LA,71486-8829,US,504 560-8538,38533490@gmail.com
183,Mae,Aguilar,1105 Umber Hill,Whitman,DC,20088-7069,US,202 697-3542,41606283@gmail.com
184,Salvador,Graves,2647 Crystal Dell,Anna,LA,71387-6550,US,504 540-9829,22852158@gmail.com
185,Ginger,Webster,196 Cozy Forest,Ingrams Corner,AB,T7H-6Q6,CA,587 091-7742,43578250@gmail.com
186,Timmy,Hale,7898 Round View,Hermosa,VT,05689-2841,US,802 390-3534,40128154@gmail.com
187,Raquel,Mckinney,1517 Harvest Meadow,Millingport,NE,68469-1076,US,402 327-4195,24466872@gmail.com
188,Faye,Clark,8336 Hazy Campus,Segwun,DE,19948-6236,US,302 736-2151,37178428@gmail.com
189,Maurice,Owens,3915 Colonial Square,Eagles Nest,IA,51019-1270,US,319 412-1438,27125842@gmail.com
190,Rachel,Saunders,7915 Pleasant Turnabout,Mcintyre,AB,T3G-9E3,CA,587 344-5368,30894677@gmail.com
191,Frederick,Elliott,8549 Dusty Cape,Grubbe,UT,84000-0000,US,435 311-9281,37759800@gmail.com
192,Felipe,Gibbs,4398 Lost Nectar Dale,Hemlock Brook Estates,AL,36952-5907,US,205 968-2441,43741778@gmail.com
193,Tyler,Terry,9584 Middle Pine Subdivision,Tenth Legion,QC,J7Y-3E3,CA,579 572-1392,33581281@gmail.com
194,Kelley,Banks,4519 Wishing Highlands,Groveland Estates,NS,B8C-0L6,CA,902 106-1822,26316748@gmail.com
195,Robert,Leonard,7553 Fallen Goose Highway,Sylvian,MD,21605-0732,US,301 559-6741,42368644@gmail.com
196,Derek,Ross,4984 Little Beach,Jamisonville,CO,80803-4524,US,970 132-7899,27261474@gmail.com
197,Alfonso,Palmer,4004 Amber Pony Circuit,Stowe Fork,WV,25046-1548,US,681 768-8648,30483377@gmail.com
198,Michelle,Brock,9429 Rocky Quay,Dagonia,AR,72520-4595,US,870 480-2228,30348032@gmail.com
199,Bradford,Edwards,4882 Cinder Brook Byway,Nanceville,KY,42733-2838,US,859 064-1873,31203914@gmail.com
200,Chris,Marshall,837 Gentle Robin Limits,Maryland Place,LA,70355-7893,US,985 197-3985,28030273@gmail.com
201,Freddie,Mckenzie,1995 Red Path,Kelawea,KY,40570-0197,US,502 887-4071,29847219@gmail.com
202,Gerald,Mason,8225 Tawny Trace,Del Monte Forest,WA,99134-9075,US,425 641-5199,41022469@gmail.com
203,Thomas,Bowman,3104 Emerald Park,Heath Springs,VA,22199-0688,US,276 078-0553,29778575@gmail.com
204,Shawn,Gill,4885 Honey Berry Autoroute,Lake Saint Peter,MO,65860-9706,US,314 457-3059,33799579@gmail.com
205,Jennie,Wells,7682 Bright Alley,Tison,CO,81707-0797,US,303 739-2025,39479589@gmail.com
206,Douglas,Adams,9206 Old Private,Chesapeake Heights,BC,V7M-7J0,CA,778 380-1368,39787536@gmail.com
207,Helen,Lopez,7299 Iron Mountain Inlet,Larkin,NM,87524-2262,US,575 554-7459,25227749@gmail.com
208,Andrea,Campbell,7986 Emerald Zephyr Key,New Vienna,AB,T3Z-7O7,CA,403 347-6543,35154379@gmail.com
209,Fred,Morris,4998 Rustic Embers View,Johnston Heights,GA,39820-9081,US,678 234-2021,42197677@gmail.com
210,Lori,Evans,5393 Broad Corner,Bowling Green,CT,06024-4881,US,860 913-0787,34135769@gmail.com
211,Annie,Torres,1930 Burning Pioneer Nook,Kaaawa,KY,40616-9165,US,270 829-6477,32158043@gmail.com
212,Christine,Allen,9500 Quaking Hickory Knoll,Southard,SC,29376-7705,US,803 416-4642,41279093@gmail.com
213,Anne,Davis,5100 Bright Parkway,Higbee,MS,39096-7109,US,601 623-7968,32430053@gmail.com
214,Stephen,Alexander,6381 Dewy Terrace,Angola Acres Ii Mobile Home Park,PE,C9W-1V2,CA,902 054-2668,23155772@gmail.com
215,Jeremy,Mitchell,5699 Rocky Pond Crest,Kispiox,NF,A7F-0J4,CA,709 501-5181,41546145@gmail.com
216,Michael,James,582 Cinder Robin Square,Malta,SC,29019-4259,US,864 188-5426,31677449@gmail.com
217,Kenneth,Phillips,1704 Merry Bluff Autoroute,Roberts Mill,MT,59227-5815,US,406 672-9971,31243387@gmail.com
218,Roger,Smith,4198 Sleepy Ramp,Keister,MT,59906-5314,US,406 998-1616,28518536@gmail.com
219,Brenda,Reed,9521 Velvet Extension,Geneva,MB,R0S-5I4,CA,204 968-7841,31071384@gmail.com
220,Charles,Harris,5449 Umber Anchor Round,Cedar Bluff,AL,35677-0028,US,205 950-3614,35202084@gmail.com
221,Amanda,Hernandez,1498 Colonial Wagon Carrefour,Mimms Crossroads,LA,71200-9066,US,318 309-3751,41940359@gmail.com
222,Jerry,Bryant,3083 Jagged Heights,Shungnak,WY,83141-5778,US,307 811-5232,38075483@gmail.com
223,Martin,Turner,6715 Cotton Island Chase,Peters Corner,FL,34227-0378,US,407 803-8079,29734421@gmail.com
224,Ronald,Henderson,9626 Middle Swale,Morse,VA,22952-3556,US,571 966-6682,44117690@gmail.com
225,Paula,Brooks,4093 Misty Panda Drive,Day Ranch,NJ,08676-7501,US,732 826-5381,37867504@gmail.com
226,Wayne,Butler,6290 Green Willow Walk,Cloverdale,NH,03848-1886,US,603 334-4248,43339925@gmail.com
227,Russell,Gray,8457 Amber Corners,Mohonk Lake,VA,23053-1618,US,540 387-8897,39542053@gmail.com
228,Anthony,Johnson,7046 Foggy Street,Saragossa,ID,83584-6755,US,208 252-8821,33157118@gmail.com
229,Julia,Jones,154 Hidden Nectar Farm,Swift Creek Farms,PA,18526-2331,US,484 356-2170,28544679@gmail.com
230,Brian,Kelly,4507 Blue Horse Line,Eucha,IA,50861-0275,US,563 430-2384,25185977@gmail.com
231,Betty,Cook,8316 Round Deer Abbey,Desert Hot Springs,DE,19945-6666,US,302 168-9180,38551612@gmail.com
232,Eugene,Martin,1949 Fallen View Stead,Prospect,OR,97172-6958,US,503 319-4683,41441768@gmail.com
233,George,Richardson,2714 Tawny Rise,Hicks Village,AR,72042-3635,US,870 521-7942,28437210@gmail.com
234,Clarence,Perry,1935 Little Lagoon Route,Bonita,KS,66361-6056,US,785 094-4924,38531220@gmail.com
235,Margaret,Nelson,3311 Silent Wynd,Meadow Brook,SK,S0Y-1X1,CA,306 517-5120,43677689@gmail.com
236,Edward,Foster,2735 Lost Barn Grounds,Grahamville,NV,89271-0433,US,775 204-1945,24009023@gmail.com
237,Justin,Jenkins,2040 Crystal River Island,Sexton,NY,13095-6020,US,929 172-5499,29159927@gmail.com
238,Jimmy,Garcia,3605 Silver Crossing,Orange,RI,02880-2066,US,401 503-8746,39958037@gmail.com
239,Ruby,Baker,6886 Quiet Cider Via,Clover Lick,NJ,08114-9779,US,973 728-1628,35927590@gmail.com
240,Samuel,Griffin,468 Pleasant Thicket,Harmeson Heights,LA,70105-6620,US,985 034-0413,39913587@gmail.com
241,Kathy,Barnes,8249 Hazy Diversion,Carbon City,PA,18735-7037,US,215 721-1115,40063196@gmail.com
242,Kathryn,Scott,7002 Wishing Boulevard,Panther Creek,NV,89043-2297,US,775 054-9761,41489219@gmail.com
243,Roy,Moore,2549 Lazy Timber Park,Pike Creek,HI,96784-6099,US,808 769-8143,41316444@gmail.com
244,Carolyn,Brown,265 Shady Trail,Shiloh Canyon,TN,37243-4256,US,931 704-7330,23423024@gmail.com
245,Albert,Bell,7476 Stony Towers,Nazareth,IN,46329-5583,US,574 046-9267,43143201@gmail.com
246,Lawrence,Flores,8556 Thunder Hollow,Carters Point,CT,06246-3268,US,203 373-9312,33875006@gmail.com
247,Ruth,Coleman,9859 Harvest Meadow,Hallet Heights,NW,X3B-0N3,CA,867 203-6397,44331177@gmail.com
248,Matthew,Thomas,5813 Clear Close,Bluhmtown,PA,15478-8402,US,717 738-9401,40803748@gmail.com
249,Laura,Robinson,6652 Red Circle,Doylesville,NJ,07850-5228,US,862 925-3490,31937514@gmail.com
250,Kevin,Miller,4810 Grand Subdivision,Justiceville,WV,25836-8214,US,304 307-2171,26813971@gmail.com
251,Louis,Jackson,5132 Noble Run,Cloverleaf Mobile Home Park,TN,38226-1252,US,423 548-1764,27253159@gmail.com
252,Richard,Stewart,4772 Dusty Impasse,Westons Iroquois Beach,ID,83675-1649,US,208 587-1444,29574146@gmail.com
253,Ann,Gonzalez,3363 Gentle Jetty,Pavilion,LA,71121-6549,US,225 836-5967,41819355@gmail.com
254,Denise,Sanchez,5927 Golden Goose Landing,Trapp,IA,51374-2408,US,712 069-7396,23411731@gmail.com
255,Julie,Washington,1607 High Avenue,Tottenville,NU,X7R-9K2,CA,867 931-9521,36662496@gmail.com
256,Sara,Bennett,7699 Pleasant Berry Isle,Sabrina Park,NY,13716-4186,US,347 494-4426,30791308@gmail.com
257,Stephanie,Powell,8188 Amber Lagoon Moor,Lyeffion,SD,57931-2918,US,605 061-6911,39453425@gmail.com
258,Gregory,Peterson,9860 Round Hills Gate,Paisley,AB,T1S-4Z2,CA,403 697-2535,38899829@gmail.com
259,Earl,Sanders,3221 Green Ridge,Fishtrap,MO,63075-6816,US,417 493-9646,37203118@gmail.com
260,Jack,Walker,6152 Rocky Line,Duncan,NS,B2B-2L7,CA,902 359-8033,32891706@gmail.com
261,Jean,Wright,1001 Thunder Deer Loop,West Windsor,SC,29236-9004,US,864 894-8609,37555899@gmail.com
262,Philip,Patterson,5069 Silent Via,Westcliffe Manor,MI,49198-6955,US,947 192-7650,40613794@gmail.com
263,Norma,Bailey,4961 Rustic Spring Bank,Moffitsville,TX,79972-3143,US,956 716-2867,44310125@gmail.com
264,Joe,Collins,3455 Hidden Log Avenue,Bentley,RI,02877-8556,US,401 548-0732,42495409@gmail.com
265,Evelyn,Ramirez,5558 Grand Jetty,Scenic Heights,NB,E1C-7S7,CA,506 164-3088,30189515@gmail.com
266,Sean,Rodriguez,7044 Dusty Nectar Island,Ladue,NH,03875-9014,US,603 349-4142,26903510@gmail.com
267,David,Williams,5583 Cinder Rise Route,Las Animas,RI,02927-6075,US,401 636-4395,34756542@gmail.com
268,Nicholas,Simmons,349 Cotton Treasure Arbor,Bole,YK,Y5O-2X6,CA,867 154-4245,22418275@gmail.com
269,Amy,Taylor,7640 Colonial Horse Passage,Laurel Ridge,ID,83234-9811,US,208 734-7815,42053745@gmail.com
270,Nicole,Perez,7585 Blue Pine Bay,Mount Vernon Meadows,NC,27428-9811,US,910 938-1128,39421597@gmail.com
271,Jacqueline,Roberts,1186 Iron Wagon Farm,Saint-charles-des-grondines,SD,57601-2239,US,605 969-1609,32155546@gmail.com
272,Angela,Long,5697 Crystal Abbey,Anchor Bay Shores,IA,52143-3118,US,641 475-6333,43633845@gmail.com
273,Arthur,Gonzales,6954 Little Common,Mearsville,AK,99965-4224,US,907 148-1724,24629801@gmail.com
274,Harold,Thompson,2860 Lost Bend,Hermleigh,BC,V1B-7S6,CA,604 106-7914,34239437@gmail.com
275,Billy,Ward,9684 Clear Cloud Close,Fond Du Lac,SD,57363-4892,US,605 352-2387,38134493@gmail.com
276,Susan,Morgan,8714 Cozy Pioneer Parade,Sky Valley,TN,37432-3520,US,423 272-0902,31897654@gmail.com
277,Bruce,Green,3640 Dewy Row,Morgan,BC,V3T-8T6,CA,250 245-4533,34192208@gmail.com
278,Eric,Howard,986 Broad Apple Round,Belltown,MI,48842-2133,US,248 342-4280,32516549@gmail.com
279,Rose,Martinez,4656 Bright Shadow Mount,Street Road,NM,87414-6465,US,505 012-6312,39202532@gmail.com
280,Michelle,Young,3251 Sleepy Goose Freeway,Walnut Hills,KS,67842-9378,US,316 573-5414,34961079@gmail.com
281,Lois,Hill,5968 Shady Anchor Circle,Mckibben,HI,96862-3257,US,808 651-6448,37773381@gmail.com
282,Carl,Wilson,3047 Gentle Trail,Patriot,FL,34824-0332,US,813 491-3735,40173349@gmail.com
283,Elizabeth,Edwards,9513 Sunny Falls,Mountain Dale,FL,32050-3957,US,786 007-2854,40005294@gmail.com
284,Patricia,Cooper,7781 Jagged Concession,Four Corners,NE,68666-7227,US,531 287-9498,40063558@gmail.com
285,Shirley,Hughes,9618 Foggy Crescent,Cayton,ID,83495-2932,US,208 380-1779,29415755@gmail.com
286,Shawn,Price,8187 Quiet Bluff Estates,Minataree,TN,37380-2414,US,901 413-1281,28783202@gmail.com
287,Joyce,King,651 Umber Cider Glade,Shoshone,IA,52819-6948,US,641 535-0264,30951373@gmail.com
288,Walter,Anderson,178 Stony Oak Orchard,Loop,NU,X5C-6F5,CA,867 581-4823,37845948@gmail.com
289,Jennifer,Parker,9441 High Panda Vale,Kinderhook,MD,20782-5910,US,240 943-5125,34510828@gmail.com
290,Beverly,Lee,7780 Easy Trace,Kings Park,NB,E4U-5S6,CA,506 233-3458,43817607@gmail.com
291,Dorothy,Ross,2050 Misty Beacon Villas,Montvale Springs,RI,02983-7553,US,401 367-3646,42163996@gmail.com
292,Diane,Rogers,9810 Indian Dale Ramp,Vernon,MI,49935-9651,US,248 102-9963,41296317@gmail.com
293,Phillip,Rivera,278 Quaking Limits,South Groveland,NE,68967-5076,US,308 934-4021,37994636@gmail.com
294,Bonnie,Cox,4290 Honey Point,Overland,ME,04164-8387,US,207 811-6712,24720439@gmail.com
295,Randy,White,5237 Heather Nook,Upper Preston,NV,89483-4147,US,702 950-0090,33574854@gmail.com
296,James,Diaz,5146 Velvet Fox Highway,Herndon Heights,KS,66879-6308,US,913 075-4248,33961888@gmail.com
297,Juan,Lewis,7835 Emerald Plaza,Blueberry Hill,NV,89343-0603,US,702 869-5536,26075172@gmail.com
298,Diana,Watson,2756 Fallen Private,Nina,NM,88298-0404,US,505 982-3383,23566029@gmail.com
299,Kimberly,Hall,1589 Red Field,Essexshire Gate,NF,A5D-6U4,CA,709 955-1195,44148129@gmail.com
300,Heather,Murphy,4502 Old Blossom By-pass,Black Canyon City,NC,27519-0867,US,910 972-7586,23818562@gmail.com
301,Carlos,Russell,5903 Merry View Place,Riverdale,UT,84000-0000,US,385 208-2453,29458480@gmail.com
302,William,Clark,2011 Middle Pointe,Zane,MB,R1F-2G6,CA,204 073-0962,31409108@gmail.com
303,Karen,Wood,6573 Lazy Carrefour,Taterville,AB,T4F-8U9,CA,587 638-1675,38231602@gmail.com
304,Frank,Carter,4159 Harvest Pony Townline,Malibu Bowl,SD,57754-8091,US,605 324-2922,36149936@gmail.com
305,Doris,Finklestein,5225 Hazy Crossing,Oronoque Hills North,MS,38898-1746,US,601 526-3227,32847808@gmail.com
306,Elwood,Hoyt,1224 Cotton Prairie Villas,Calling Lake,MI,48449-8177,US,231 577-5806,38730778@gmail.com
307,Charisse,Bourque,4081 Blue Sky Limits,Warrenton,ME,04670-9270,US,207 472-3290,42077544@gmail.com
308,Paris,Esposito,9174 Silver Spring Campus,Childs Place,GA,39998-2501,US,912 520-4905,39352152@gmail.com
309,Abigail,Flanagan,5647 Lost Shadow Line,Centerville,CO,81874-3866,US,970 810-0986,40714997@gmail.com
310,Malinda,Earls,6976 Quaking Willow Front,Lucas,KY,41280-5000,US,859 850-7935,27660388@gmail.com
311,Annabell,Lombardi,5301 Sunny Freeway,Lula,AK,99812-9708,US,907 287-5563,35733120@gmail.com
312,Santana,Magana,9057 Bright Log Wharf,Greenville,GA,39962-3506,US,470 544-7811,36859860@gmail.com
313,Lore,Foss,6054 Merry Hickory Key,Prairie,DC,20095-6719,US,202 301-2644,32722325@gmail.com
314,Amira,Gurley,7239 Jagged Abbey,Bell Town,DE,19741-5189,US,302 117-8466,40059075@gmail.com
315,Terina,Horsley,5125 Emerald Mall,Dakin,DE,19807-7152,US,302 320-2331,44277485@gmail.com
316,Karlyn,Carbone,2806 Colonial Way,Dekalb,OK,73363-9122,US,405 998-4606,43789189@gmail.com
317,Zina,Wetzel,5407 Sleepy Court,Elliot Ford,MB,R5S-0C9,CA,204 830-7545,44032690@gmail.com
318,Aurea,Oldham,7955 Shady Falls,Zimmerman,SC,29167-1844,US,843 011-1894,23099462@gmail.com
319,Miquel,Ritter,2303 Wishing Highlands,Hensel,MO,63691-5929,US,314 413-1402,40885445@gmail.com
320,Ursula,Shipley,5642 Dusty Green,Flat Shoals Estates,NW,X1R-9O4,CA,867 135-4465,38518962@gmail.com
321,Jaunita,Cintron,6657 Silent Lake Quay,Conejo Valley Trailer Park,VA,23751-2905,US,540 575-8374,30688618@gmail.com
322,Patria,Heard,1267 Heather Carrefour,Hannleigh Heights,MS,39475-8837,US,662 829-7828,40828753@gmail.com
323,Marcene,Hathaway,6746 Cinder River Mews,Tulse,VT,05979-7516,US,802 664-0837,37969971@gmail.com
324,Hana,Dill,2948 Fallen Passage,Gilman,PA,16438-4094,US,724 277-4537,27471132@gmail.com
325,Deidre,Halsey,2303 Burning Terrace,Center White Creek,MN,56688-6369,US,612 933-7079,22996313@gmail.com
326,Lisha,Sun,2823 Little Brook Link,Ava,OR,97598-5764,US,971 314-0513,38980120@gmail.com
327,Laurence,Lai,2431 High Leaf Port,Oakley,PE,C8T-8T7,CA,902 361-6169,26954606@gmail.com
328,Neville,Belanger,7022 Foggy Mountain Cove,Mitchell Estates,GA,39989-1848,US,229 248-4488,26086958@gmail.com
329,Beckie,Ha,2540 Crystal Dale Towers,Domain,NY,10957-0042,US,607 697-1223,27503989@gmail.com
330,Daniell,Mast,3811 Hidden Blossom Hill,Loftins Crossroads,MB,R3V-6P7,CA,204 906-9792,41435736@gmail.com
331,Rene,Hutto,2793 Cozy Fawn Thicket,Beard,PA,19084-1239,US,484 172-5914,27994702@gmail.com
332,Oren,Parra,4062 Harvest Grove,Brownsville,NV,89420-9735,US,702 131-1966,29350019@gmail.com
333,Carolynn,Higginbotham,5127 Golden Rabbit View,Teepee,ON,K4H-5G9,CA,807 620-5957,37531397@gmail.com
334,Laronda,Dees,4322 Red Quail Mount,Sweeneys Crossroads,NW,X3O-5O5,CA,867 860-7146,32526822@gmail.com
335,Beatris,Ness,8812 Noble Canyon,Wahlsburg,OR,97299-0281,US,503 308-3661,35539448@gmail.com
336,Clyde,Isaacson,7408 Broad Zephyr Mountain,Hurst,OK,73607-2501,US,405 431-6114,42065579@gmail.com
337,Ira,Ho,6829 Honey Fox Swale,Sylvan Lake,NU,X5B-5W6,CA,867 833-2244,37310136@gmail.com
338,Tamie,Thiel,6208 Velvet Cape,Long Pond,NM,87004-4200,US,505 434-7946,41617462@gmail.com
339,Lenard,Gooden,9115 Green Moor,Eastwood,SC,29346-6635,US,843 852-4204,24185175@gmail.com
340,Margret,Rinaldi,5968 Rustic Pioneer Acres,Seal Beach,WY,83053-3324,US,307 192-0180,25438879@gmail.com
341,Samella,Omalley,9079 Round Townline,Turner Village,ME,04011-5182,US,207 506-6390,38195439@gmail.com
342,Shelby,Woodley,9022 Middle Isle,Leisure,NB,E2V-7X6,CA,506 379-3794,26622646@gmail.com
343,Bertram,Hughey,671 Iron Treasure Crossing,Skyview Mobile Home Park,MI,49648-6690,US,586 070-5800,29015078@gmail.com
344,Chet,Ambrose,9995 Tawny Cloud Crescent,Taft,IN,46804-4273,US,574 060-5780,42902144@gmail.com
345,Charise,Everhart,306 Clear Gate Plaza,Mobley Crossing,ON,M8O-2M5,CA,248 675-4050,36603345@gmail.com
346,Kristel,Sumpter,876 Amber Cider Harbour,Hurley Acres,CO,80404-7143,US,720 698-1278,22958768@gmail.com
347,Zane,Mares,424 Indian Knoll,Fontaine,OK,73261-7405,US,580 386-9220,42816379@gmail.com
348,Mariann,Derr,1298 Misty Grounds,Magnolia Ranch,OH,45355-2180,US,937 296-6652,22568820@gmail.com
349,Juliane,Begley,6953 Old Robin By-pass,Coyote Place,SC,29717-8743,US,864 172-0373,27567072@gmail.com
350,Tawna,Giron,2981 Hazy Inlet,Richland,CT,06798-6977,US,475 917-0319,43787519@gmail.com
351,Shana,Helms,5583 Pleasant Estates,Debusk,FL,33004-5348,US,407 468-5905,38768172@gmail.com
352,Larae,Tom,1236 Easy Barn Dell,Jarratt Crossing,AR,71615-8745,US,479 488-3374,24219382@gmail.com
353,Chris,Guevara,9063 Grand Panda Corners,Raworth,OH,44150-6564,US,614 949-0122,39904486@gmail.com
354,Tyson,Gates,5988 Rocky Farms,Ike Shippee Corner,NM,88462-4346,US,575 820-7362,41034779@gmail.com
355,Kiesha,Sibley,6599 Umber Nook,Sand Gap,NU,X1X-0E8,CA,867 397-9997,43798832@gmail.com
356,Shaunta,Reinhardt,4580 Green Meadow,Arkdale,MA,02258-7492,US,413 008-8951,35922193@gmail.com
357,Columbus,Rucker,3390 Merry Wagon Heights,Hurford,IA,52432-0301,US,515 707-4056,35574933@gmail.com
358,Perla,Starnes,4540 Foggy Robin Crescent,Britton Davis,MI,48746-1485,US,313 733-9518,26089055@gmail.com
359,Mi,Sammons,6723 Amber Bluff Carrefour,Whiteport,BC,V6S-7V3,CA,604 902-9979,29400802@gmail.com
360,Bernardine,Krueger,8129 Red Fawn Gardens,Ferguson,MI,49965-9908,US,586 916-7651,26567504@gmail.com
361,Emelina,Jorgensen,4929 Broad Harbour,Bellview Beach,UT,84000-0000,US,435 545-7416,25280053@gmail.com
362,Darline,Morey,259 Sunny Willow Line,Enderlin,MN,56316-1610,US,218 628-4587,35244557@gmail.com
363,Raisa,Mckee,5976 Cozy Round,Bonfield,TN,38053-8569,US,731 566-8153,44084065@gmail.com
364,Lawerence,Edward,1396 Fallen Loop,Berean,AZ,85684-0176,US,623 515-7971,25560157@gmail.com
365,Ayako,Corey,2637 Quaking Hills Rise,Sky View Acres,CO,81907-9694,US,970 714-1248,39839778@gmail.com
366,Mitchell,Folsom,9143 Golden Cider Inlet,Bradley Landing,GA,39960-0424,US,470 334-7826,37971228@gmail.com
367,Akiko,Rector,3694 Tawny Pond Avenue,Clevelandtown,CO,81374-2116,US,719 635-9899,24971210@gmail.com
368,Linwood,Starr,1713 Old Rise Front,Williamsville Station,UT,84000-0000,US,801 808-0916,40321887@gmail.com
369,Caroll,Bowden,8558 Misty Branch Moor,Thornbrook,LA,71346-5739,US,985 695-0360,29289696@gmail.com
370,Kai,Baird,949 Middle Trail,Walker,PE,C2C-8R9,CA,902 855-1012,36008417@gmail.com
371,Leanna,Crist,3282 Lost Cove,Fairway,HI,96700-9150,US,808 239-8437,24955564@gmail.com
372,Micheal,Geary,3328 Round Goose Nook,South Vineland,KS,66393-0023,US,913 648-3334,23122706@gmail.com
373,Cicely,Akins,3627 Harvest Pioneer Landing,Westminster,TN,38301-1011,US,901 650-5581,39954843@gmail.com
374,Valentin,Laws,9309 Cinder Close,Piney Shores,SK,S2T-5K8,CA,306 356-3753,35571166@gmail.com
375,Markus,Galvez,8367 Dewy Timber Common,Independence,ND,58273-2111,US,701 481-5102,29905085@gmail.com
376,Ngan,Escamilla,7644 Noble Prairie Grove,Sheldon Junction,BC,V5U-2G2,CA,778 124-3960,31442383@gmail.com
377,Rikki,Kimball,3399 Umber Townline,Palm Shadows Mobile Home Park,WI,53508-8350,US,715 174-9753,43418131@gmail.com
378,Katerine,Boehm,2519 Rocky Abbey,Dry Valley,SK,S3B-5Y5,CA,306 342-9962,41318803@gmail.com
379,Deeann,Collazo,1624 Wishing Stead,Denova,RI,02842-2494,US,401 057-0606,26396285@gmail.com
380,Elida,Ogle,6082 Hazy Lagoon Point,Glenn Brook,MA,02573-4544,US,857 586-9744,34972787@gmail.com
381,Mac,Mccollum,1793 Sleepy Bear Private,Biddleborn,IN,47057-9127,US,219 445-3127,30216681@gmail.com
382,Jacquie,Lang,1152 Blue Beacon Forest,Brandywine,NB,E2R-1M0,CA,506 574-3093,37493925@gmail.com
383,Tandy,Hallman,6863 Bright Island Villas,Hunt Valley,SK,S0Y-5K8,CA,306 994-2310,24898815@gmail.com
384,Vance,Grubbs,4909 Velvet Fox Dale,Stephensburg,VT,05640-4777,US,802 525-7512,32076381@gmail.com
385,Scot,Franks,5731 Clear Gate Swale,Heidrich,OR,97556-6935,US,503 506-3433,37906703@gmail.com
386,Tonda,Beal,7190 Emerald Oak Ramp,Enid,PE,C8L-8Y8,CA,902 545-0671,26545038@gmail.com
387,Joleen,Goldsmith,1386 High Run,Port Cherry Gardens Farm,AR,72987-9375,US,501 713-6302,33254895@gmail.com
388,Creola,Parson,5684 Gentle Berry Court,Crystal,MT,59101-4789,US,406 042-0555,39661557@gmail.com
389,Paige,Cromwell,8386 Heather By-pass,Adele,PE,C5F-4U7,CA,902 722-9111,34571912@gmail.com
390,Quincy,Choate,5363 Colonial Park,Franconia,AZ,86468-4807,US,928 730-1561,29512332@gmail.com
391,Hermila,Mccreary,2432 Burning Barn Falls,Drayton,NM,88217-3837,US,505 098-4821,36438277@gmail.com
392,Wyatt,Christopher,50 Indian Embers Pines,Carpentersville,MD,21671-4571,US,443 036-8509,42878917@gmail.com
393,Lovie,Hess,911 Hidden Alley,Meridian,OK,74451-2024,US,539 773-5386,39860090@gmail.com
394,Winter,Hoyle,5205 Stony Mall,Osgood,PA,18375-9480,US,717 732-1540,37999878@gmail.com
395,Lu,Allman,6484 Silent Deer Arbor,Carlyle Station,SD,57808-1261,US,605 204-6976,25340079@gmail.com
396,Deandrea,Earle,6794 Little Nectar Lookout,Pace,DE,19768-3312,US,302 176-7339,43605101@gmail.com
397,Shad,Romeo,6512 Iron Pointe,Eldon,WI,53784-9466,US,534 235-4623,23330189@gmail.com
398,Latisha,Sawyers,3764 Thunder Thicket,Dorchester,AL,35546-3909,US,251 653-9431,29752547@gmail.com
399,Starr,Schwarz,810 Cotton Panda Concession,Ashton,LA,71118-3968,US,318 925-5737,32325249@gmail.com
400,Charmain,Horner,8796 Jagged Field,Perryville,DE,19979-7651,US,302 328-8490,29078322@gmail.com
401,Elda,Doll,4531 Lazy Maze,Woodman,IA,52698-9575,US,563 627-6862,38386989@gmail.com
402,Susannah,Feeney,5553 Grand Cape,Melstone,DC,20003-6166,US,202 556-7021,29475014@gmail.com
403,Ling,Shuler,6505 Quiet Anchor Hollow,Renegade,HI,96762-5294,US,808 791-6473,32831793@gmail.com
404,Leonarda,Dupree,930 Honey Treasure Corners,Woods Corner,NJ,08209-4947,US,609 417-8148,28903642@gmail.com
405,Elliot,Tyree,6230 Easy Quail Dell,Dore,LA,70888-6123,US,318 986-5305,26397958@gmail.com
406,Tad,Easter,5117 Dewy Gate Nook,Lynnwood Gardens,PA,18017-0573,US,717 571-1007,43021956@gmail.com
407,Oscar,York,2494 Grand Grove,Brookdale Heights,TX,75970-3326,US,325 909-2800,42205281@gmail.com
408,Loreta,Rigsby,1176 Sunny Villas,Lakeside,KS,67069-7515,US,620 887-2797,41543243@gmail.com
409,Carrol,Donnelly,5567 Blue Brook Autoroute,Allenvale,AL,35079-4985,US,256 299-6157,38538384@gmail.com
410,Contessa,Oliphant,8591 Wishing Pony Pines,New Holland,IA,52038-6947,US,712 683-6327,31879123@gmail.com
411,Cathie,Moffitt,2841 Green Mall,Norfolk Mobile Home Community,MN,55986-3847,US,763 522-3855,25852649@gmail.com
412,Pansy,Sadler,5249 High Impasse,Silver Lake,KS,67303-2140,US,785 085-5312,33307917@gmail.com
413,Mercedez,Stowe,3023 Shady Dale Isle,Rush,AL,36088-4873,US,205 477-0926,28739028@gmail.com
414,Christa,Shumaker,2985 Amber Maze,Brownsville,NJ,07190-2464,US,973 558-5271,24079649@gmail.com
415,Jenice,Dugas,6762 Colonial Line,Claremont,QC,H5K-6Q0,CA,581 472-6646,39082035@gmail.com
416,Li,Herbert,7000 Cotton Loop,Regan Junction,SC,29844-2251,US,803 800-0481,40745347@gmail.com
417,Jessia,Whitfield,2926 Little Jetty,Campti,NS,B4I-5F6,CA,902 990-7710,22573699@gmail.com
418,Delois,Boehm,5962 Easy Butterfly Promenade,Larchmont,HI,96840-9053,US,808 980-0106,25420577@gmail.com
419,Dusti,Hoang,4194 Clear Common,Phillips Creek,KS,66131-8651,US,316 773-6342,38249790@gmail.com
420,Marcel,Obryan,1004 Lost Lake Mews,Java Center,ME,04483-0299,US,207 859-1899,29920525@gmail.com
421,Jerilyn,Churchill,6882 Lazy Square,American City,TX,76099-9649,US,817 942-7391,23111373@gmail.com
422,Candyce,Larsen,8281 Crystal Alley,Kyles Crossroads,AL,35154-2732,US,334 237-7825,24706745@gmail.com
423,Creola,Zamora,5521 Gentle Spring Parade,Rickman,WY,83093-0249,US,307 946-4871,35609006@gmail.com
424,Fletcher,Reeder,3158 Heather Island Byway,Sulphur,MS,38657-2812,US,601 774-5945,41765640@gmail.com
425,Cherrie,Giron,5085 Foggy Point,Warden,WA,98072-4244,US,253 479-7477,31444028@gmail.com
426,Julio,Stein,6176 Cozy Moor,Chapel Estates,NC,27775-9297,US,334 989-7068,43214879@gmail.com
427,Colby,Hoy,4267 Harvest Bear Pathway,Fleming,SD,57613-2410,US,605 104-4110,40870165@gmail.com
428,Kimberlee,Dewey,6484 Golden Cloud Corners,Oakland Gardens,AK,99910-7043,US,907 284-0576,33194843@gmail.com
429,Cleopatra,Knott,1510 Silent Hills Ledge,Barnett,GA,39974-9709,US,762 169-0871,43084269@gmail.com
430,Florida,Beckman,8039 Quiet Lagoon Estates,Richardson Springs,ME,04325-6795,US,207 910-7650,26568199@gmail.com
431,Min,Gonsalves,7840 Rustic Anchor Diversion,Crow Point,PA,15254-2489,US,878 872-0371,35251711@gmail.com
432,Alfonzo,Batiste,8461 Old Knoll,Porter,MN,55858-9677,US,612 170-8002,27456264@gmail.com
433,Dena,Mcallister,5146 Merry Shadow Place,Kauneonga,NM,87837-6989,US,505 886-0088,28200718@gmail.com
434,Hsiu,Colburn,8967 Emerald Valley,Dice,CO,81010-0113,US,719 029-5564,33884742@gmail.com
435,Bonny,Pitts,4738 Dusty Arbor,Purdy,AR,71717-5896,US,479 470-8679,33654949@gmail.com
436,Tiara,Dix,1209 Quaking Barn Quay,Alandale,AR,72948-6817,US,479 373-4643,32536603@gmail.com
437,Stefania,Maynard,6092 Broad Wagon Dell,Verdi,SC,29037-7179,US,803 914-6042,40740889@gmail.com
438,Moshe,Winter,998 Indian Embers Heights,Holly Brook,DC,20019-1429,US,202 117-6561,37179178@gmail.com
439,Bunny,Snider,8946 Burning Forest,Youba,TN,38187-8375,US,423 716-0521,28995516@gmail.com
440,Marketta,Brinkley,2701 Hazy Bluff Key,Lawrence Brook Manor,QC,H0B-1Q0,CA,514 323-4336,23627590@gmail.com
441,Mireya,Cardwell,5905 Honey Rise Extension,Joyner,OK,74599-6920,US,539 572-2808,40979596@gmail.com
442,Lindsay,Cowles,1956 Silver Way,Tinley Park,OK,74947-9284,US,918 680-9968,30709497@gmail.com
443,Madaline,Silverman,302 Thunder Autumn Farm,Westdale,DE,19850-1779,US,302 576-6402,41301081@gmail.com
444,Lean,Worden,7461 Iron Grove Heath,Stony Point,TN,38379-0701,US,423 152-3693,27640691@gmail.com
445,Chelsie,Waggoner,7910 Jagged By-pass,Cotton Ridge,QC,G0T-1X4,CA,438 176-1934,23877558@gmail.com
446,Katia,Clarkson,84 Middle Pike,Community Acres,DE,19858-2636,US,302 020-8983,36202433@gmail.com
447,Evalyn,Conklin,541 Red Bend,Chetopa,MN,55320-7249,US,320 876-3301,31268898@gmail.com
448,Indira,Paquette,6517 Round Leaf Towers,Kentucky,MS,39318-5754,US,662 932-1259,39131967@gmail.com
449,Carisa,Cates,2968 Velvet Willow Rise,Terrebonne,IN,47513-1642,US,812 785-4748,22956554@gmail.com
450,Lilli,Purvis,5026 Umber Turnabout,Leshara,CT,06675-0158,US,475 950-9332,25340603@gmail.com
451,Kati,Moon,5455 Misty Fawn Via,Salisbury,MA,01889-7012,US,617 418-5999,36513675@gmail.com
452,Margene,Dallas,9327 Noble Stead,Guler,NF,A1I-3P4,CA,709 274-4479,29372046@gmail.com
453,Willetta,Finnegan,5724 Sleepy Edge,Brookland,TN,37921-5227,US,865 316-6600,23539057@gmail.com
454,Donn,Binkley,3161 Fallen Beacon Chase,Paige,NH,03368-7876,US,603 450-7260,37798714@gmail.com
455,Elfriede,Lash,4480 Tawny Robin Centre,Fouts Mill,WA,98200-2212,US,206 304-3855,38932799@gmail.com
456,Latrice,Scroggins,3281 Tawny Sky Green,Middle River Vista,HI,96806-8675,US,808 360-2952,43453620@gmail.com
457,Brittaney,Mahaffey,4047 Red Log Point,Newville,OK,73230-3309,US,580 723-8937,26822566@gmail.com
458,Katerine,Hudgens,8792 Quaking Arbor,Dunkirk,OH,44649-9145,US,216 257-2065,39246814@gmail.com
459,Felipa,Hurst,3056 Grand Cider Jetty,Israel Haul,NC,28202-0606,US,252 125-8203,35632547@gmail.com
460,Jordan,Trimble,9885 Crystal Crescent,Coralville,NM,88010-1751,US,575 537-2951,35448612@gmail.com
461,Isa,Cotton,2349 Bright Mountain,Popple River,KS,67092-5783,US,913 927-5485,31228964@gmail.com
462,Angele,Eason,142 Fallen Leaf Harbour,Bonni Castle,CA,92174-8623,US,818 403-8185,24053576@gmail.com
463,Un,Dempsey,3641 Gentle Treasure Centre,Peabody,IN,47496-8209,US,317 340-4310,39016335@gmail.com
464,Rhett,Ott,4575 Velvet Horse Highway,Buck,IN,47563-4555,US,812 875-9656,24481109@gmail.com
465,Dillon,Malley,534 Old Expressway,Sobieski,KS,67227-7051,US,620 672-4231,32799060@gmail.com
466,Marchelle,Rohr,655 Cozy Spring Maze,East Boylston,BC,V6R-7I1,CA,778 482-6335,40804977@gmail.com
467,Celeste,Valentin,7000 Green Route,Stark,NS,B5H-6X5,CA,902 386-3294,36609528@gmail.com
468,Austin,Goebel,4050 Round Cove,Lake Park,NV,89058-1966,US,702 394-9617,32628170@gmail.com
469,Laree,Ezell,6756 Indian Goose Corner,Grandview,NF,A5L-9A8,CA,709 718-5467,41874024@gmail.com
470,Gricelda,Sparkman,1407 Rustic Estates,Gates Corner,YK,Y8Q-8J2,CA,867 431-2123,42916921@gmail.com
471,Yang,Stoner,7258 Misty Robin Landing,Pittsview,NY,10670-0036,US,914 512-4612,34554143@gmail.com
472,Kimberli,Comer,7042 Hidden Mews,Cannel City,ND,58450-1560,US,701 458-1273,32771697@gmail.com
473,Emiko,Bumgarner,6576 Rocky Gate Dell,Spottsville,ND,58674-9165,US,701 594-4779,30179441@gmail.com
474,Kristofer,Blanton,6658 Foggy Zephyr Gate,Blue Ridge Mountains Estates,ND,58777-7960,US,701 688-7993,25233044@gmail.com
475,Eloy,Parra,2735 Burning Port,Worth,MT,59070-8530,US,406 062-7805,25539948@gmail.com
476,Alissa,Steinberg,2140 Emerald Branch Place,Pecan,AL,35190-5818,US,256 182-6099,33981986@gmail.com
477,Annita,Harwood,4858 Shady Forest Common,Steamburg,SD,57567-2848,US,605 481-1783,33864031@gmail.com
478,Minna,Sousa,9722 Iron Shadow Acres,Blawnox,NV,89497-9428,US,775 929-4660,40494392@gmail.com
479,Loraine,Pyle,3155 High Cloud Key,San Marcos,UT,84000-0000,US,385 341-2346,38268399@gmail.com
480,Risa,Loftin,7734 Hazy Panda Manor,Doe Run,MT,59567-0135,US,406 773-0687,34242792@gmail.com
481,Roy,Crowell,5240 Pleasant Trace,Miller Creek Settlement,CO,81829-8203,US,970 273-4250,36127191@gmail.com
482,Brady,Mowery,2161 Honey Barn Corners,Milligan,MN,56702-1290,US,651 654-0838,27605683@gmail.com
483,Ira,Domingo,2113 Cinder Apple Diversion,Pratt,MS,39026-6929,US,769 774-3748,32763589@gmail.com
484,Hosea,Goldman,5224 Dusty Hickory Nook,Lyncourt,NM,87354-9900,US,575 465-5156,26467325@gmail.com
485,Letitia,Burchett,9629 Stony View By-pass,Bordoville,PE,C9O-6K3,CA,902 777-8071,44109902@gmail.com
486,Denna,Darnell,1231 Cotton Pony Villas,Rico,CA,92756-9847,US,760 836-7021,42750089@gmail.com
487,Sulema,Peck,1319 Silent Hills Plaza,Paris,NY,13967-3895,US,585 519-6488,25315795@gmail.com
488,Raven,Redd,8192 Merry Quail Glen,Friley,UT,84000-0000,US,801 962-5706,40638524@gmail.com
489,Lorenza,Broderick,4107 Easy Embers Drive,Redeye,CA,94644-2232,US,760 806-2642,29043242@gmail.com
490,Palmira,Sepulveda,7525 Quiet Butterfly Lookout,Rickels,KY,40121-7623,US,502 625-4298,24896291@gmail.com
491,Rina,Robson,1394 Jagged Creek Boulevard,Imperial Heights,SK,S5Q-1P7,CA,306 002-6454,43382500@gmail.com
492,Betsey,Howe,1947 Broad Pioneer Moor,Knollwood,WY,82360-8004,US,307 096-6845,40288934@gmail.com
493,Lucrecia,Jaynes,4750 Little Square,Ferncliff,CO,81273-2699,US,719 753-5172,43586941@gmail.com
494,Maya,Vitale,5944 Clear Blossom Concession,Cotton Trailer Court,IN,47770-7941,US,574 550-1108,33638525@gmail.com
495,Allyn,Graff,8789 Silver Vale,Shepherd Crossing,HI,96838-4034,US,808 643-2737,37141326@gmail.com
496,Junie,Gossett,874 Dewy Cape,Browns Corner,GA,39875-7506,US,678 958-5733,42478156@gmail.com
497,Armida,Toney,3424 Lost Quay,Southport,RI,02861-1147,US,401 367-7662,28749437@gmail.com
498,Sheena,Mcgrath,7160 Sleepy Willow Canyon,Hays,NY,14148-1691,US,845 178-0085,37858779@gmail.com
499,Rayna,Renner,1855 Sunny Line,Elba,PE,C9U-4Y8,CA,902 653-5996,23728715@gmail.com
500,Karima,Boyle,5278 Amber Pine Falls,Oaklandon,NS,B9E-9R0,CA,902 341-6982,30674385@gmail.com
501,Lacie,Whatley,3678 Noble Impasse,Ingram,WY,82050-7266,US,307 596-4924,25573390@gmail.com
502,Marna,Seifert,1358 Thunder Wagon Alley,Tomahawk Bluff,NY,12614-3784,US,917 912-3902,41356491@gmail.com
503,Elza,Wisniewski,4492 Harvest Beacon Ledge,Lucern,UT,84000-0000,US,385 464-6511,39115330@gmail.com
504,Leta,Landry,6721 Wishing Elk Mount,Edgington,IA,51340-5458,US,319 803-5014,38986520@gmail.com
505,test,test,1234 fake st,Phoenix,AZ,85027,US,705 582-5694,test@email.com
506,Test1,Test1,135 fake st,salt lake city,ut,84125,US,785-852-5698,Test1@email.com
507,Kyle,Button,123 fake st,Salt Lake City,UT,84054,US,752 258-6589,boredpanda@gmail.com
508,Test3,Button,1235 fake st,Woods Cross,UT,84057,US,785 258-6595,test3@gmail.com
