1,Led Zeppelin,Led Zeppelin,1969,20,CD,4
2,Led Zeppelin,Led Zeppelin II,1969,20,CD,5
3,Led Zeppelin,Led Zeppelin III,1970,20,CD,4
4,Led Zeppelin,Led Zeppelin IV,1971,20,CD,10
5,Led Zeppelin,Houses of the Holy,1973,20,CD,23
6,Led Zeppelin,Physical Graffiti,1975,20,CD,20
7,Led Zeppelin,Presence,1976,20,CD,27
8,Led Zeppelin,In Through the Out Door,1979,20,CD,2
9,Led Zeppelin,Coda,1982,20,CD,13
10,Led Zeppelin,Led Zeppelin II,1969,20,Vinyl,2
11,Led Zeppelin,Led Zeppelin III,1970,20,Vinyl,2
12,Led Zeppelin,Led Zeppelin IV,1971,20,Vinyl,3
13,Led Zeppelin,Coda,1982,20,Vinyl,275
14,Marvin Gaye,Whats Going On,1971,20,Vinyl,15
15,Pink Floyd,Dark Side Of The Moon,1973,20,Vinyl,15
16,The Clash,London Calling,1979,20,Vinyl,15
17,Bruce Springsteen,Born To Run,1975,20,Vinyl,15
18,Rolling Stones,Exile On Main Street,1972,20,Vinyl,15
19,Stevie Wonder,Innervisions,1973,20,Vinyl,15
20,The Who,Whos Next,1971,20,Vinyl,15
21,Stevie Wonder,Songs In The Key Of Life,1976,20,Vinyl,15
22,Fleetwood Mac,Rumours,1977,20,Vinyl,15
23,Joni Mitchell,Blue,1971,20,Vinyl,15
24,Carole King,Tapestry,1971,20,Vinyl,15
25,Black Sabbath,Paranoid,1970,20,Vinyl,15
26,David Bowie,Ziggy Stardust & The Spiders From Mars,1972,20,Vinyl,15
27,Sly And The Family Stone,Theres A Riot Goin On,1971,20,Vinyl,15
28,Pink Floyd,The Wall,1979,20,Vinyl,15
29,Bob Dylan,Blood On The Tracks,1975,20,Vinyl,15
30,Sex Pistols,Never Mind The Bollocks Heres The Sex Pistols,1977,20,Vinyl,15
31,The Eagles,Hotel California,1976,20,Vinyl,15
32,Michael Jackson,Off the Wall,1979,20,Vinyl,15
33,The Bee Gees,Saturday Night Fever Soundtrack,1977,20,Vinyl,15
34,Simon & Garfunkel,Bridge Over Troubled Water,1970,20,Vinyl,15
35,Neil Young,After The Goldrush,1970,20,Vinyl,15
36,Ramones,Ramones,1976,20,Vinyl,15
37,Elton John,Goodbye Yellow Brick Road,1973,20,Vinyl,15
38,The Clash,The Clash,1977,20,Vinyl,15
39,John Lennon,Plastic Ono Band,1970,20,Vinyl,15
40,Curtis Mayfield,Superfly,1972,20,Vinyl,15
41,Stevie Wonder,Talking Book,1972,20,Vinyl,15
42,Elvis Costello & The Attractions,This Years Model,1978,20,Vinyl,15
43,Rolling Stones,Sticky Fingers,1971,20,Vinyl,15
44,Van Morrison,Moondance,1970,20,Vinyl,15
45,Queen,A Night At The Opera,1975,20,Vinyl,15
46,Van Halen,Van Halen,1978,20,Vinyl,15
47,Patti Smith,Horses,1975,20,Vinyl,15
48,The Beatles,Let It Be,1970,20,Vinyl,15
49,Neil Young,Harvest,1972,20,Vinyl,15
50,Deep Purple,Machine Head,1972,20,Vinyl,15
51,The Who,Live at Leeds,1970,20,Vinyl,15
52,Elvis Costello,My Aim Is True,1977,20,Vinyl,15
53,Black Sabbath,Black Sabbath,1970,20,Vinyl,15
54,Television,Marquee Moon,1977,20,Vinyl,15
55,Crosby Stills Nash & Young , DÈj‡Vu,1970,20,Vinyl,15
56,David Bowie,Low,1977,20,Vinyl,15
57,George Harrison,All Things Must Pass,1970,20,Vinyl,15
58,Joy Division,Unknown Pleasures,1979,20,Vinyl,15
59,The Allman Brothers Band,Live at the Fillmore East,1971,20,Vinyl,15
60,Derek & The Dominos,Layla And Other Assorted Love Songs,1970,20,Vinyl,15
61,John Lennon,Imagine,1971,20,Vinyl,15
62,Pink Floyd,Wish You Were Here,1975,20,Vinyl,15
63,Santana,Abraxas,1970,20,Vinyl,15
64,Creedence Clearwater Revival,Cosmos Factory,1970,20,Vinyl,15
65,Janis Joplin,Pearl,1971,20,Vinyl,15
66,Elton John,Captain Fantastic & The Brown Dirt Cowboy,1975,20,Vinyl,15
67,Grateful Dead,American Beauty,1970,20,Vinyl,15
68,Iggy Pop & the Stooges,Fun House,1970,20,Vinyl,15
69,David Bowie,Hunky Dory,1971,20,Vinyl,15
70,Bob Marley & the Wailers,Exodus,1977,20,Vinyl,15
71,Joni Mitchell,Court and Spark,1974,20,Vinyl,15
72,Deep Purple,In Rock,1970,20,Vinyl,15
73,Billy Joel,The Stranger,1977,20,Vinyl,15
74,The Who,Quadrophenia,1973,20,Vinyl,15
75,Aerosmith,Toys In The Attic,1975,20,Vinyl,15
76,Yes,Fragile,1971,20,Vinyl,15
77,Lynyrd Skynyrd,Pronounced Leh-nerd Skin-nerd,1973,20,Vinyl,15
78,Jethro Tull,Aqualung,1971,20,Vinyl,15
79,Funkadelic,One Nation Under The Groove,1978,20,Vinyl,15
80,Marvin Gaye,Lets Get It On,1973,20,Vinyl,15
81,Steely Dan,Aja,1977,20,Vinyl,15
82,Boston,Boston,1976,20,Vinyl,15
83,Al Green,Call Me,1973,20,Vinyl,15
84,Parliament,Mothership Connection,1976,20,Vinyl,15
85,Peter Frampton,Frampton Comes Alive,1976,20,Vinyl,15
86,Stevie Wonder,Fullingness First Finale,1974,20,Vinyl,15
87,Bob Marley & The Wailers,Catch A Fire,1973,20,Vinyl,15
88,Elton John,Honky Chateau,1972,20,Vinyl,15
89,Linda Ronstadt,Heart Like A Wheel,1974,20,Vinyl,15
90,Aerosmith,Rocks,1976,20,Vinyl,15
91,Rod Stewart,Every Picture Tells A Story,1971,20,Vinyl,15
92,James Taylor,Sweet Baby James,1970,20,Vinyl,15
93,Meat Loaf,Bat Out Of Hell,1977,20,Vinyl,15
94,Donna Summer,Bad Girls,1979,20,Vinyl,15
95,AC/DC,Highway To Hell,1979,20,Vinyl,15
96,Blondie,Parallel Lines,1979,20,Vinyl,15
97,Kraftwerk,Trans-Europe Express,1977,20,Vinyl,15
98,Cat Stevens,Tea For The Tillerman,1970,20,Vinyl,15
99,Todd Rundgren,Something/Anything,1972,20,Vinyl,15
100,Paul McCartney & Wings,Band On The Run,1973,20,Vinyl,15
101,The Isley Brothers,3+3,1973,20,Vinyl,15
102,Allman Brothers Band,Eat A Peach,1972,20,Vinyl,15
103,Heart,Dreamboat Annie,1976,20,Vinyl,15
104,The Cars,The Cars,1978,20,Vinyl,15
105,T-Rex,Electric Warrior,1971,20,Vinyl,15
106,Ramones,Rocket To Russia,1977,20,Vinyl,15
107,KISS,Alive!,1975,20,Vinyl,15
108,New York Dolls,New York Dolls,1973,20,Vinyl,15
109,Jackson Browne,Running On Empty,1977,20,Vinyl,15
110,Fleetwood Mac,Fleetwood Mac,1975,20,Vinyl,15
111,Bruce Springsteen,Darkness On The Edge Of Town,1978,20,Vinyl,15
112,Tom Petty & the Heartbreakers,Damn The Torpedoes,1979,20,Vinyl,15
113,Neil Young & Crazy Horse,Rust Never Sleeps,1979,20,Vinyl,15
114,The Spinners,Spinners,1973,20,Vinyl,15
115,The Carpenters,Close To You,1970,20,Vinyl,15
116,Al Green,Im Still In Love With You,1972,20,Vinyl,15
117,Elton John,Tumbleweed Connection,1970,20,Vinyl,15
118,Grateful Dead,Workingmans Dead,1970,20,Vinyl,15
119,Funkadelic,Maggot Brain,1971,20,Vinyl,15
120,Yes,Close To The Edge,1972,20,Vinyl,15
121,The B-52s,The B-52s,1979,20,Vinyl,15
122,Sly and the Family Stone,Fresh,1973,20,Vinyl,15
123,Aretha Franklin,Young Gifted & Black,1972,20,Vinyl,15
124,Bob Marley and the Wailers,Burnin,1973,20,Vinyl,15
125,The Doors,L.A. Woman,1970,20,Vinyl,15
126,Judas Priest,Sad Wings of Destiny,1976,20,Vinyl,15
127,Earth Wind & Fire,Thats the Way of the World,1975,20,Vinyl,15
128,Lou Reed,Transformer,1972,20,Vinyl,15
129,Roxy Music,For Your Pleasure,1973,20,Vinyl,15
130,Barry White,Cant Get Enough,1974,20,Vinyl,15
131,Curtis Mayfield,Curtis,1970,20,Vinyl,15
132,Paul Simon,There Goes Rhymin Simon,1973,20,Vinyl,15
133,Labelle,Nightbirds,1974,20,Vinyl,15
134,Stevie Wonder,Music of My Mind,1972,20,Vinyl,15
135,David Bowie,Aladdin Sane,1973,20,Vinyl,15
136,Gang of Four,Entertainment!,1979,20,Vinyl,15
137,The Police,Outlandos DAmour,1978,20,Vinyl,15
138,Talking Heads,Talking Heads: 77,1977,20,Vinyl,15
139,Steely Dan,Pretzel Logic,1974,20,Vinyl,15
140,Bob Dylan and the Band,The Basement Tapes,1975,20,Vinyl,15
141,Black Sabbath,Master Of Reality,1971,20,Vinyl,15
142,Rolling Stones,Some Girls,1978,20,Vinyl,15
143,Mike Oldfield,Tubular Bells,1973,20,Vinyl,15
144,Al Green,Al Green Gets Next to You,1971,20,Vinyl,15
145,Queen,Sheer Heart Attack,1974,20,Vinyl,15
146,Bruce Springsteen,The Wild the Innocent and the E Street Shuffle,1973,20,Vinyl,15
147,Bob Dylan,Desire,1976,20,Vinyl,15
148,Gram Parsons,Grievous Angel,1974,20,Vinyl,15
149,Bob Seger & the Silver Bullet Band,Night Moves,1976,20,Vinyl,15
150,Eric Clapton,461 Ocean Boulevard,1974,20,Vinyl,15
151,David Bowie,Station to Station,1976,20,Vinyl,15
152,Talking Heads,More Songs About Buildings and Food,1978,20,Vinyl,15
153,Queen,Queen II,1974,20,Vinyl,15
154,Rush,2112,1976,20,Vinyl,15
155,Nick Drake,Bryter Layter,1970,20,Vinyl,15
156,Randy Newman,Sail Away,1972,20,Vinyl,15
157,The Meters,Look-Ka Py Py,1970,20,Vinyl,15
158,Lou Reed,Berlin,1973,20,Vinyl,15
159,Neil Young,Tonights the Night,1975,20,Vinyl,15
160,Brian Eno,Another Green World,1975,20,Vinyl,15
161,Roxy Music,Roxy Music,1972,20,Vinyl,15
162,The OJays,Back Stabbers,1972,20,Vinyl,15
163,Nick Drake,Pink Moon,1972,20,Vinyl,15
164,The Police,Reggatta de Blanc,1979,20,Vinyl,15
165,Kraftwerk,Autobahn,1974,20,Vinyl,15
166,Jackson Browne,Late for the Sky,1974,20,Vinyl,15
167,Billy Joel,52nd Street,1978,20,Vinyl,15
168,Supertramp,Breakfast In America,1979,20,Vinyl,15
169,Pink Floyd,Animals,1977,20,Vinyl,15
170,Bob Marley & The Wailers,Natty Dread,1974,20,Vinyl,15
171,Genesis,Selling England By The Pound,1973,20,Vinyl,15
172,Iggy And The Stooges,Raw Power,1973,20,Vinyl,15
173,Talking Heads,Fear of Music,1979,20,Vinyl,15
174,Paul Simon,Paul Simon,1972,20,Vinyl,15
175,Eric Clapton,Slowhand,1977,20,Vinyl,15
176,The Velvet Underground,Loaded,1970,20,Vinyl,15
177,Roxy Music,Country Life,1974,20,Vinyl,15
178,Jackson Browne,The Pretender,1976,20,Vinyl,15
179,Modern Lovers,Modern Lovers,1976,20,Vinyl,15
180,Steely Dan,Cant Buy a Thrill,1972,20,Vinyl,15
181,Elvis Costello and the Attractions,Armed Forces,1979,20,Vinyl,15
182,David Bowie,Heroes,1977,20,Vinyl,15
183,Marvin Gaye,Here My Dear,1978,20,Vinyl,15
184,Big Star,Radio City,1974,20,Vinyl,15
185,Devo,Q: Are We Not Men? A: We Are Devo!,1978,20,Vinyl,15
186,Public Image Ltd.,Metal Box,1979,20,Vinyl,15
187,Cheap Trick,At Budokan,1978,20,Vinyl,15
188,Wire,Pink Flag,1977,20,Vinyl,15
189,Jethro Tull,Thick As A Brick,1972,20,Vinyl,15
190,MC5,Back In The USA,1970,20,Vinyl,15
191,Big Star,#1 Record,1972,20,Vinyl,15
192,Brian Eno,Here Come the Warm Jets,1973,20,Vinyl,15
193,Richard and Linda Thompson,I Want to See the Bright Lights Tonight,1974,20,Vinyl,15
194,Can,Tago Mago,1971,20,Vinyl,15
195,Bad Company,Bad Company,1974,20,Vinyl,15
196,Suicide,Suicide,1977,20,Vinyl,15
197,Chic,Risque,1979,20,Vinyl,15
198,Randy Newman,12 Songs,1970,20,Vinyl,15
199,Allmans Brothers Band,Brothers And Sisters,1973,20,Vinyl,15
200,Cheap Trick,In Color,1977,20,Vinyl,15
201,War,The World Is a Ghetto,1972,20,Vinyl,15
202,Jimi Hendrix,Band Of Gypsys,1970,20,Vinyl,15
203,The Eagles,The Long Run,1979,20,Vinyl,15
204,Genesis,The Lamb Lies Down On Broadway,1974,20,Vinyl,15
205,Mott the Hoople,Mott,1973,20,Vinyl,15
206,Chicago,Chicago V,1972,20,Vinyl,15
207,Alice Cooper,Billion Dollar Babies,1973,20,Vinyl,15
208,Steve Miller Band,Fly Like An Eagle,1976,20,Vinyl,15
209,KISS,Destroyer,1976,20,Vinyl,15
210,Bob Marley & the Wailers,Exodus,1977,20,CD,15
211,Joni Mitchell,Court and Spark,1974,20,CD,15
212,Deep Purple,In Rock,1970,20,CD,15
213,Billy Joel,The Stranger,1977,20,CD,15
214,The Who,Quadrophenia,1973,20,CD,15
215,Aerosmith,Toys In The Attic,1975,20,CD,15
216,Yes,Fragile,1971,20,CD,15
217,Lynyrd Skynyrd,Pronounced Leh-nerd Skin-nerd,1973,20,CD,15
218,Jethro Tull,Aqualung,1971,20,CD,15
219,Funkadelic,One Nation Under The Groove,1978,20,CD,15
220,Marvin Gaye,Lets Get It On,1973,20,CD,15
221,Steely Dan,Aja,1977,20,CD,15
222,Boston,Boston,1976,20,CD,15
223,Al Green,Call Me,1973,20,CD,15
224,Parliament,Mothership Connection,1976,20,CD,15
225,Peter Frampton,Frampton Comes Alive,1976,20,CD,15
226,Stevie Wonder,Fullingness First Finale,1974,20,CD,15
227,Bob Marley & The Wailers,Catch A Fire,1973,20,CD,15
228,Elton John,Honky Chateau,1972,20,CD,15
229,Linda Ronstadt,Heart Like A Wheel,1974,20,CD,15
230,Aerosmith,Rocks,1976,20,CD,15
231,Rod Stewart,Every Picture Tells A Story,1971,20,CD,15
232,James Taylor,Sweet Baby James,1970,20,CD,15
233,Meat Loaf,Bat Out Of Hell,1977,20,CD,15
234,Donna Summer,Bad Girls,1979,20,CD,15
235,AC/DC,Highway To Hell,1979,20,CD,15
236,Blondie,Parallel Lines,1979,20,CD,15
237,Kraftwerk,Trans-Europe Express,1977,20,CD,15
238,Cat Stevens,Tea For The Tillerman,1970,20,CD,15
239,Todd Rundgren,Something/Anything,1972,20,CD,15
240,Paul McCartney & Wings,Band On The Run,1973,20,CD,15
241,The Isley Brothers,3+3,1973,20,CD,15
242,Allman Brothers Band,Eat A Peach,1972,20,CD,15
243,Heart,Dreamboat Annie,1976,20,CD,15
244,The Cars,The Cars,1978,20,CD,15
245,T-Rex,Electric Warrior,1971,20,CD,15
246,Ramones,Rocket To Russia,1977,20,CD,15
247,KISS,Alive!,1975,20,CD,15
248,New York Dolls,New York Dolls,1973,20,CD,15
249,Jackson Browne,Running On Empty,1977,20,CD,15
250,Fleetwood Mac,Fleetwood Mac,1975,20,CD,15
251,Bruce Springsteen,Darkness On The Edge Of Town,1978,20,CD,15
252,Tom Petty & the Heartbreakers,Damn The Torpedoes,1979,20,CD,15
253,Neil Young & Crazy Horse,Rust Never Sleeps,1979,20,CD,15
254,The Spinners,Spinners,1973,20,CD,15
255,The Carpenters,Close To You,1970,20,CD,15
256,Al Green,Im Still In Love With You,1972,20,CD,15
257,Elton John,Tumbleweed Connection,1970,20,CD,15
258,Grateful Dead,Workingmans Dead,1970,20,CD,15
259,Funkadelic,Maggot Brain,1971,20,CD,15
260,Yes,Close To The Edge,1972,20,CD,15
261,The B-52s,The B-52s,1979,20,CD,15
262,Sly and the Family Stone,Fresh,1973,20,CD,15
263,Aretha Franklin,Young  Gifted & Black,1972,20,CD,15
264,Bob Marley and the Wailers,Burnin,1973,20,CD,15
265,The Doors,L.A. Woman,1970,20,CD,15
266,Judas Priest,Sad Wings of Destiny,1976,20,CD,15
267,Earth Wind & Fire ,Thats the Way of the World,1975,20,CD,15
268,Lou Reed,Transformer,1972,20,CD,15
269,Roxy Music,For Your Pleasure,1973,20,CD,15
270,Barry White,Cant Get Enough,1974,20,CD,15
271,Curtis Mayfield,Curtis,1970,20,CD,15
272,Paul Simon,There Goes Rhymin Simon,1973,20,CD,15
273,Labelle,Nightbirds,1974,20,CD,15
274,Stevie Wonder,Music of My Mind,1972,20,CD,15
275,David Bowie,Aladdin Sane,1973,20,CD,15
276,Gang of Four,Entertainment!,1979,20,CD,15
277,The Police,Outlandos DAmour,1978,20,CD,15
278,Talking Heads,Talking Heads: 77,1977,20,CD,15
279,Steely Dan,Pretzel Logic,1974,20,CD,15
280,Bob Dylan and the Band,The Basement Tapes,1975,20,CD,15
281,Black Sabbath,Master Of Reality,1971,20,CD,15
282,Rolling Stones,Some Girls,1978,20,CD,15
283,Mike Oldfield,Tubular Bells,1973,20,CD,15
284,Al Green,Al Green Gets Next to You,1971,20,CD,15
285,Queen,Sheer Heart Attack,1974,20,CD,15
286,Bruce Springsteen,The Wildthe Innocent and the E Street Shuffle,1973,20,CD,15
287,Bob Dylan,Desire,1976,20,CD,15
288,Gram Parsons,Grievous Angel,1974,20,CD,15
289,Bob Seger & the Silver Bullet Band,Night Moves,1976,20,CD,15
290,Eric Clapton,461 Ocean Boulevard,1974,20,CD,15
291,David Bowie,Station to Station,1976,20,CD,15
292,Talking Heads,More Songs About Buildings and Food,1978,20,CD,15
293,Queen,Queen II,1974,20,CD,15
294,Rush,2112,1976,20,CD,15
295,Nick Drake,Bryter Layter,1970,20,CD,15
296,Rev Thoery,Light It Up,2002,25,CD,5
297,Rev Thoery,Light It Up,2002,25,CD,5
298,Rev Thoery,Light It Up,2002,25,CD,5
299,Mudvayne,The end of things to come,2005,25,Vinyl,5
300,Finger 11,Them Vs. Me Vs. You,2005,25,Vinyl,1
301,Trapt,Someone In Control,2005,25,Vinyl,5
302,44,When Your Heart Stops Beating,2005,25,Vinyl,5
303,The Strokes,Is This It,2005,25,Vinyl,5
